question,answer
ラーメンの具材には何が使われますか？,チャーシュー、メンマ、ネギ、味玉などが一般的に使われます。
ラーメンの麺はどのように作られますか？,小麦粉、水、かん水を混ぜてこね、伸ばしてカットして作られます。
ラーメンのスープはどうやって作りますか？,豚骨や鶏ガラを長時間煮込んで作ります。
ラーメンの種類にはどんなものがありますか？,味噌ラーメン、醤油ラーメン、塩ラーメン、豚骨ラーメンなどがあります。
ラーメンのトッピングでおすすめのものは何ですか？,味玉、チャーシュー、メンマ、ネギ、海苔、コーンなどがおすすめです。
ラーメンの具材は何が一般的ですか？,チャーシュー、メンマ、味付け卵、ネギなどが一般的な具材です。
ラーメンの麺はどのように作られますか？,小麦粉、かん水、塩などを混ぜてこね、伸ばしてから切って作られます。
ラーメンの種類にはどんなものがありますか？,豚骨ラーメン、醤油ラーメン、塩ラーメン、味噌ラーメンなどが一般的な種類です。
ラーメンのスープには何が使われますか？,豚骨、鶏ガラ、野菜などを煮込んで作られることが多いです。
ラーメンにはどんなトッピングが合いますか？,ネギ、メンマ、チャーシュー、味付け卵、海苔などが一般的なトッピングです。
ラーメンのスープはどうやって作りますか？,豚骨や鶏ガラを長時間煮込んで作ります。
ラーメンの麺に使われるかん水とは何ですか？,かん水はラーメンの麺に使われるアルカリ性の液体で、独特の風味を与えます。
ラーメンに使う具材は何がおすすめですか？,チャーシュー、メンマ、ネギ、味玉などが一般的ですが、お好みで様々な具材を加えることができます。
ラーメンのスープに使う調味料は何が主なものですか？,醤油、味噌、塩などが一般的なラーメンのスープの調味料です。
ラーメンのトッピングで人気なのは何ですか？,味玉、ネギ、チャーシュー、メンマなどが人気のラーメンのトッピングです。
ラーメンの具材にはどんなものがありますか？,チャーシュー、メンマ、ネギ、味付け玉子などが一般的な具材です。
ラーメンの麺はどのように作られますか？,小麦粉、かん水、塩などを混ぜてこね、伸ばしてカットして作られます。
ラーメンの種類にはどんなものがありますか？,味噌ラーメン、醤油ラーメン、塩ラーメン、豚骨ラーメンなどさまざまな種類があります。
ラーメンのトッピングで人気なのは何ですか？,チャーシュー、味付け玉子、ネギ、メンマなどが人気のトッピングです。
ラーメンの食べ方には決まりがありますか？,一般的にはスープを先にすするか、麺と具材を一緒に食べるか、好みによって食べ方が異なります。
ラーメンの具材は何が入っていますか？,具材にはチャーシュー、メンマ、味付け玉子などが入っています。
ラーメンの麺はどのように作られていますか？,ラーメンの麺は小麦粉と水を混ぜてこね、伸ばしてカットして作られます。
ラーメンのスープはどのように調理されますか？,ラーメンのスープは豚骨や鶏ガラを長時間煮込んで作られます。
ラーメンにはどんな種類がありますか？,ラーメンには醤油ラーメン、味噌ラーメン、塩ラーメンなどさまざまな種類があります。
ラーメンのトッピングには何がありますか？,トッピングにはチャーシュー、メンマ、味付け玉子、ネギなどがあります。
ラーメンの具材にはどんなものがありますか？,チャーシュー、メンマ、ネギ、味玉などが一般的な具材です。
ラーメンの麺はどのように作られますか？,小麦粉と水をこねて伸ばし、カットして作られます。
ラーメンの種類には何がありますか？,味噌ラーメン、醤油ラーメン、塩ラーメンなどが代表的な種類です。
ラーメンのスープは何がベースになりますか？,豚骨や鶏ガラ、野菜などが使われることが多いです。
ラーメンにはどんな調味料が使われますか？,醤油、味噌、塩などが一般的な調味料として使われます。
ラーメンの麺はどのように作られますか？,小麦粉と水を混ぜてこね、休ませてから伸ばしてカットします。
ラーメンの具材には何が使われますか？,チャーシュー、メンマ、ネギ、味玉などが一般的に使われます。
ラーメンのスープはどのように作られますか？,豚骨や鶏ガラを長時間煮込んで作ります。
ラーメンの味付けに使われる調味料は何ですか？,醤油、味噌、塩などが一般的に使用されます。
ラーメンのトッピングには何が乗せられますか？,ネギ、メンマ、チャーシュー、味玉、海苔などが一般的にトッピングされます。
ラーメンの具材は何が一般的ですか？,チャーシュー、メンマ、ネギ、味付け卵などが一般的です。
ラーメンの麺はどのように作られますか？,小麦粉、かん水、塩などを混ぜて練り、伸ばしてからカットして作られます。
ラーメンの種類にはどんなものがありますか？,豚骨ラーメン、醤油ラーメン、味噌ラーメン、塩ラーメンなどが一般的です。
ラーメンの起源はどこにありますか？,中国の麺料理が日本に伝わり、日本で独自の発展を遂げたと言われています。
ラーメンには何をトッピングすると美味しいですか？,ネギ、メンマ、チャーシュー、味付け卵、海苔などが人気のトッピングです。
ラーメンの具材には何が使われますか？,チャーシュー、メンマ、ネギ、味付け玉子などが一般的に使われます。
ラーメンの麺はどのように作られますか？,小麦粉とかん水を混ぜてこね、伸ばして切り、茹でることで作られます。
ラーメンのスープはどうやって作りますか？,豚骨や鶏ガラを長時間煮込んで作ります。
ラーメンの味付けには何が使われますか？,醤油、味噌、塩などが使われ、地域や店舗によって味が異なります。
ラーメンのトッピングでおすすめの組み合わせはありますか？,チャーシューと味付け玉子、メンマとネギなど、好みに合わせて組み合わせるのがおすすめです。
ラーメンのスープはどうやって作りますか？,豚骨や鶏ガラを長時間煮込んで作ります。
ラーメンの具材には何が使われますか？,チャーシュー、メンマ、ネギ、味付け玉子などが一般的に使われます。
ラーメンの麺はどのように作られますか？,小麦粉、かん水、塩などを混ぜて練り、伸ばしてカットして作られます。
ラーメンの種類には何がありますか？,豚骨ラーメン、醤油ラーメン、味噌ラーメン、塩ラーメンなどが代表的な種類です。
ラーメンのトッピングでおすすめの具材は何ですか？,メンマや味付け玉子、ネギ、チャーシュー、海苔などが人気のトッピングです。
ラーメンの具材は何がおすすめですか？,チャーシュー、メンマ、ネギ、味付け玉子などが人気の具材です。
ラーメンの麺はどのように選べばいいですか？,太麺、細麺、平打ち麺など、好みに合わせて選ぶと良いでしょう。
ラーメンのスープはどうやって作りますか？,豚骨や鶏ガラを長時間煮込んで作ります。
ラーメンに使われるかん水とは何ですか？,ラーメンの麺に使われるアルカリ性の液体で、独特の風味を与えます。
ラーメンのトッピングでおすすめの具材はありますか？,チャーシュー、メンマ、ネギ、味付け玉子、海苔などがおすすめです。
ラーメンそうめんの作り方は？,そうめん、ねぎ、にんにく、サラダ油、お好みのラーメン具材を使用して作ります。
醤油ラーメンの具材は何ですか？,中華麺、チャーシュー、煮卵、メンマ、ねぎ、鶏ガラスープの素を使用します。
豚にらそばの調理方法は？,中華生麺、豚こま切れ肉、にら、もやし、塩、こしょう、サラダ油を使用して作ります。
ねぎ塩レモンラーメンの特徴は？,中華麺、レモン、鶏ささみ、塩、酒、ねぎ、おろしを使用し、冷やして食べる爽やかなラーメンです。
インスタント酸辣湯麺のアレンジ方法は？,インスタントラーメン（しょうゆスープ付き）、溶き卵、もやしを使用してアレンジします。
ラーメンのスープはどうやって作りますか？,豚骨や鶏ガラを長時間煮込んで作ります。
ラーメンの具材には何が使われますか？,チャーシューやメンマ、ネギ、味付け卵などが一般的に使われます。
ラーメンの麺はどのように作られますか？,小麦粉と水を混ぜてこね、伸ばして切り、茹でることで作られます。
ラーメンの味付けに使われる調味料は何ですか？,醤油、味噌、塩などが一般的に使用されます。
ラーメンには何種類のスープがありますか？,主なスープの種類には豚骨、鶏ガラ、魚介などがあります。
ラーメンの具材は何が一般的ですか？,チャーシュー、メンマ、ネギ、味付け玉子などが一般的です。
ラーメンの麺はどのように作られますか？,小麦粉と水を混ぜてこね、伸ばしてカットして作られます。
ラーメンの種類にはどんなものがありますか？,豚骨ラーメン、醤油ラーメン、味噌ラーメン、塩ラーメンなどが代表的な種類です。
ラーメンのトッピングでおすすめのものは何ですか？,ネギ、メンマ、チャーシュー、味付け玉子、海苔などがおすすめです。
ラーメンのスープにはどんな調味料が使われますか？,醤油、味噌、塩などが主に使われ、他にも豚骨や鶏ガラなどが使われることもあります。
ラーメンのスープはどうやって作りますか？,豚骨や鶏ガラを長時間煮込んで作ります。
ラーメンの麺はどのように作られますか？,かん水を使ってアルカリ性を調整し、独特の食感を出すことが一般的です。
ラーメンの具材にはどんなものが使われますか？,チャーシュー、メンマ、ネギ、味付け卵などが一般的な具材として使われます。
ラーメンの起源はどこにあるのですか？,ラーメンの起源は中国の麺料理に由来し、日本で独自の発展を遂げました。
ラーメンの種類にはどんなものがありますか？,豚骨ラーメン、醤油ラーメン、味噌ラーメン、塩ラーメンなど、さまざまな種類があります。
